{
    "providers": [
        {
            "type": "bitmap",
            "file": "minecraft:ranks/imagename.png",
            "ascent": 8,
            "height": 8,
            "chars": ["\uE800"]
 	},
        {
            "type": "bitmap",
            "file": "minecraft:ranks/secondimagename.png",
            "ascent": 8,
            "height": 8,
            "chars": ["\uE801"]
 	}
 	},
        {
            "type": "bitmap",
            "file": "minecraft:ranks/thirdimagename.png",
            "ascent": 8,
            "height": 8,
            "chars": ["\uE802"]
	 }
  ]
}
━━━