{
    "providers": [
        {
            "type": "bitmap",
            "file": "minecraft:ranks/admin.png",
            "ascent": 8,
            "height": 8,
            "chars": ["\uE800"]
	},
        {
            "type": "bitmap",
            "file": "minecraft:ranks/builder.png",
            "ascent": 8,
            "height": 8,
            "chars": ["\uE801"]
        },
        {
            "type": "bitmap",
            "file": "minecraft:ranks/developer.png",
            "ascent": 8,
            "height": 8,
            "chars": ["\uE802"]
        },
        {
            "type": "bitmap",
            "file": "minecraft:ranks/helper.png",
            "ascent": 8,
            "height": 8,
            "chars": ["\uE803"]
        },
        {
            "type": "bitmap",
            "file": "minecraft:ranks/hero.png",
            "ascent": 8,
            "height": 8,
            "chars": ["\uE804"]
        },
        {
            "type": "bitmap",
            "file": "minecraft:ranks/legend.png",
            "ascent": 8,
            "height": 8,
            "chars": ["\uE805"]
        },
        {
            "type": "bitmap",
            "file": "minecraft:ranks/megavip.png",
            "ascent": 8,
            "height": 8,
            "chars": ["\uE806"]
        },
        {
            "type": "bitmap",
            "file": "minecraft:ranks/mod.png",
            "ascent": 8,
            "height": 8,
            "chars": ["\uE807"]
        },
        {
            "type": "bitmap",
            "file": "minecraft:ranks/owner.png",
            "ascent": 8,
            "height": 8,
            "chars": ["\uE808"]
        },
        {
            "type": "bitmap",
            "file": "minecraft:ranks/player.png",
            "ascent": 8,
            "height": 8,
            "chars": ["\uE809"]
        },
        {
            "type": "bitmap",
            "file": "minecraft:ranks/twitch.png",
            "ascent": 8,
            "height": 8,
            "chars": ["\uE810"]
        },
        {
            "type": "bitmap",
            "file": "minecraft:ranks/ultravip.png",
            "ascent": 8,
            "height": 8,
            "chars": ["\uE811"]
        },
        {
            "type": "bitmap",
            "file": "minecraft:ranks/vip.png",
            "ascent": 8,
            "height": 8,
            "chars": ["\uE812"]
        },
        {
            "type": "bitmap",
            "file": "minecraft:ranks/vipplus.png",
            "ascent": 8,
            "height": 8,
            "chars": ["\uE813"]
        },
        {
            "type": "bitmap",
            "file": "minecraft:ranks/youtube.png",
            "ascent": 8,
            "height": 8,
            "chars": ["\uE814"]
        }
    ]
}